id,first_name,last_name,email,major,role
1,Jethro,Le Merchant,jlemerchant0@walmart.com,,0
2,Tadio,Milland,tmilland1@berkeley.edu,4,3
3,Ailina,Jozefowicz,ajozefowicz2@w3.org,,0
4,Ruperta,Ciccotti,rciccotti3@pinterest.com,,1
5,Sharl,Kinglesyd,skinglesyd4@un.org,,1
6,Garfield,Tarrant,gtarrant5@springer.com,4,2
7,Ana,Quincee,aquincee6@aol.com,2,0
8,Kinna,Quoit,kquoit7@mayoclinic.com,1,3
9,Heloise,Bellord,hbellord8@pagesperso-orange.fr,3,2
10,Lizbeth,Allcoat,lallcoat9@google.fr,3,1
11,Mahalia,OIlier,moiliera@booking.com,2,1
12,Bibbye,Kettle,bkettleb@mayoclinic.com,,2
13,Krystalle,Merrifield,kmerrifieldc@t.co,3,3
14,Joyann,Lyfield,jlyfieldd@creativecommons.org,4,3
15,Abba,Ingleson,ainglesone@bloglines.com,1,1
16,Inga,Seabrooke,iseabrookef@ed.gov,3,2
17,Rickey,Bart,rbartg@japanpost.jp,,2
18,Shayne,Yo,syoh@dropbox.com,2,0
19,Susann,Paunsford,spaunsfordi@youtube.com,2,3
20,Kara,Sodo,ksodoj@rambler.ru,,1
21,Cassondra,Errington,cerringtonk@creativecommons.org,2,2
22,Hestia,Whymark,hwhymarkl@ocn.ne.jp,1,3
23,Delinda,Lillegard,dlillegardm@globo.com,3,2
24,Mata,Gligori,mgligorin@yahoo.com,4,1
25,Roch,Queyos,rqueyoso@hostgator.com,3,1
26,Erin,Mum,emump@amazon.com,4,1
27,Fiona,Moorey,fmooreyq@histats.com,4,3
28,Adaline,Croad,acroadr@sakura.ne.jp,4,2
29,Nissy,Ruffle,nruffles@timesonline.co.uk,1,1
30,Maude,Guy,mguyt@mail.ru,,1
31,Kay,Paddle,kpaddleu@cdc.gov,3,1
32,Giselle,Game,ggamev@nydailynews.com,2,2
33,Cathe,Vischi,cvischiw@mozilla.org,1,1
34,Karola,Goschalk,kgoschalkx@huffingtonpost.com,3,0
35,Cornelia,Bysshe,cbysshey@weibo.com,,3
36,Glenn,Ratke,gratkez@posterous.com,3,3
37,Lane,Matthisson,lmatthisson10@yale.edu,3,0
38,Ingaberg,Salliss,isalliss11@cornell.edu,,0
39,Rutger,Doley,rdoley12@freewebs.com,1,0
40,Friederike,Coombes,fcoombes13@twitpic.com,2,0
41,Adamo,Gowrich,agowrich14@nhs.uk,4,3
42,Haven,Kopta,hkopta15@artisteer.com,3,0
43,Estrella,Yantsev,eyantsev16@quantcast.com,1,1
44,Chrysa,Paddock,cpaddock17@canalblog.com,3,0
45,Kermie,Peschmann,kpeschmann18@shareasale.com,,3
46,Molli,Pleuman,mpleuman19@xing.com,3,2
47,Pamela,Tunmore,ptunmore1a@angelfire.com,1,1
48,Cristian,Iron,ciron1b@netvibes.com,4,3
49,Ted,Pavyer,tpavyer1c@sciencedirect.com,3,2
50,Merilyn,Devas,mdevas1d@bandcamp.com,2,3
51,Latashia,McGoon,lmcgoon1e@google.ru,3,1
52,Prentice,Yetts,pyetts1f@google.pl,,1
53,Olia,Blenkinsop,oblenkinsop1g@senate.gov,2,1
54,Terza,Biggar,tbiggar1h@smh.com.au,1,1
55,Peder,D'Hooghe,pdhooghe1i@infoseek.co.jp,1,0
56,Tabb,Bosnell,tbosnell1j@ustream.tv,4,2
57,Esdras,Leimster,eleimster1k@163.com,2,3
58,Hort,Waiton,hwaiton1l@upenn.edu,2,3
59,Alfie,Vanin,avanin1m@techcrunch.com,3,1
60,Xavier,Grix,xgrix1n@chicagotribune.com,,3
61,Ermanno,Lidyard,elidyard1o@ted.com,1,3
62,Elvis,Cammack,ecammack1p@cdbaby.com,4,3
63,Dorie,Carnock,dcarnock1q@dailymotion.com,2,1
64,Etty,Brabban,ebrabban1r@studiopress.com,3,2
65,Raina,Catford,rcatford1s@over-blog.com,3,0
66,Althea,Dunkerton,adunkerton1t@i2i.jp,1,1
67,Obadiah,Borrington,oborrington1u@example.com,3,2
68,Tate,Vinker,tvinker1v@scribd.com,1,2
69,Celestia,Jelley,cjelley1w@nba.com,3,3
70,Merola,Berrington,mberrington1x@ca.gov,,2
71,Hamilton,Greenlees,hgreenlees1y@miitbeian.gov.cn,2,1
72,Wolfgang,Aps,waps1z@utexas.edu,1,2
73,Pennie,Kersting,pkersting20@51.la,2,0
74,Holly-anne,Tosney,htosney21@oracle.com,,2
75,Luke,Morant,lmorant22@imgur.com,4,0
76,Alastair,Hixson,ahixson23@wikipedia.org,,2
77,Bernie,Takis,btakis24@canalblog.com,,0
78,Stace,Gerram,sgerram25@scientificamerican.com,1,0
79,Boonie,Ethridge,bethridge26@vistaprint.com,2,0
80,Merna,Bartalot,mbartalot27@amazon.co.uk,1,1
81,Fanni,Doggart,fdoggart28@guardian.co.uk,,2
82,Stephen,Masding,smasding29@webnode.com,2,2
83,Noelani,Pooley,npooley2a@wikispaces.com,1,0
84,Miranda,Pegden,mpegden2b@telegraph.co.uk,,0
85,Valdemar,Allibon,vallibon2c@behance.net,2,0
86,Cordell,Carbery,ccarbery2d@gizmodo.com,3,3
87,Mitch,Hedan,mhedan2e@seattletimes.com,4,0
88,Nata,Gawith,ngawith2f@amazon.com,,3
89,Ollie,Dillaway,odillaway2g@pcworld.com,3,2
90,Forester,Morrissey,fmorrissey2h@spotify.com,4,3
91,Blythe,Kohen,bkohen2i@tuttocitta.it,2,3
92,Gustaf,Lorentzen,glorentzen2j@opera.com,1,0
93,Didi,Hebborn,dhebborn2k@washington.edu,4,1
94,Annelise,Sadd,asadd2l@biglobe.ne.jp,1,2
95,Torrance,Flament,tflament2m@amazon.co.jp,1,2
96,Stepha,Goulston,sgoulston2n@dmoz.org,3,1
97,Steffie,Bruna,sbruna2o@pinterest.com,1,0
98,Dedie,Hawthorne,dhawthorne2p@fotki.com,4,1
99,Shaine,Le Grove,slegrove2q@washingtonpost.com,4,2
100,Larina,Pughsley,lpughsley2r@bing.com,1,2
101,Rahel,Andrejs,randrejs2s@archive.org,1,2
102,Leland,Mc Combe,lmccombe2t@disqus.com,4,2
103,Elden,Andrioli,eandrioli2u@wix.com,3,1
104,Tiphany,Hurdwell,thurdwell2v@clickbank.net,,2
105,Nichol,Hurne,nhurne2w@nasa.gov,,1
106,Jannel,Wilcinskis,jwilcinskis2x@jalbum.net,,2
107,Alessandra,Dakers,adakers2y@patch.com,4,0
108,Araldo,Beals,abeals2z@ibm.com,,3
109,Johann,Gaines,jgaines30@mayoclinic.com,4,0
110,Correna,Stockle,cstockle31@toplist.cz,3,1
111,Tracy,Floweth,tfloweth32@smh.com.au,,0
112,Brandi,Boliver,bboliver33@cisco.com,,2
113,Saloma,Kernan,skernan34@joomla.org,,3
114,Babette,Livoir,blivoir35@aboutads.info,3,3
115,Alessandro,Brahams,abrahams36@surveymonkey.com,1,3
116,Madella,Trude,mtrude37@state.gov,1,1
117,Kayne,Killock,kkillock38@walmart.com,2,1
118,Ronnie,Dawtre,rdawtre39@cnn.com,1,3
119,Spence,Chellam,schellam3a@engadget.com,3,3
120,Vachel,Coldwell,vcoldwell3b@reddit.com,4,2
121,Othelia,Ferenc,oferenc3c@posterous.com,3,1
122,Donni,Staresmeare,dstaresmeare3d@noaa.gov,2,2
123,Cariotta,Grayson,cgrayson3e@nih.gov,3,0
124,Enoch,Walsham,ewalsham3f@deliciousdays.com,2,0
125,Adelice,Hallsworth,ahallsworth3g@pbs.org,4,3
126,Kennith,Kersaw,kkersaw3h@cargocollective.com,4,0
127,Kilian,Niche,kniche3i@unblog.fr,2,3
128,Christiano,Giller,cgiller3j@census.gov,3,2
129,Falito,Henworth,fhenworth3k@sina.com.cn,,1
130,Marena,Shreve,mshreve3l@marriott.com,,1
131,Carlye,Filippo,cfilippo3m@wufoo.com,3,0
132,Jodi,Danelutti,jdanelutti3n@cafepress.com,2,0
133,Trstram,Raubenheimers,traubenheimers3o@google.it,4,2
134,Gerri,Koopman,gkoopman3p@nps.gov,3,2
135,Melinde,Poulsen,mpoulsen3q@twitter.com,2,2
136,Aldridge,Bernardino,abernardino3r@is.gd,3,2
137,Gil,Binestead,gbinestead3s@hp.com,2,3
138,Stanislaus,Nuscha,snuscha3t@reverbnation.com,,2
139,Osmond,Aveling,oaveling3u@mlb.com,2,0
140,Cherice,McNysche,cmcnysche3v@craigslist.org,3,1
141,Gradey,Franzel,gfranzel3w@yahoo.com,2,0
142,Baxter,Normanvell,bnormanvell3x@google.it,2,0
143,Cassy,Olding,colding3y@loc.gov,4,3
144,Minni,Hanbidge,mhanbidge3z@virginia.edu,,2
145,Curry,Trevithick,ctrevithick40@delicious.com,,3
146,Hendrick,Cuttles,hcuttles41@time.com,3,2
147,Allyce,Sarver,asarver42@nytimes.com,2,0
148,Dita,Sawkin,dsawkin43@wix.com,3,0
149,Rollo,Bendell,rbendell44@technorati.com,,0
150,Ariana,Camel,acamel45@lycos.com,1,1
151,Mattias,Raulstone,mraulstone46@youtu.be,3,1
152,Luis,Stannion,lstannion47@spiegel.de,3,2
153,Haslett,Ruecastle,hruecastle48@google.it,1,2
154,Ives,Jaulmes,ijaulmes49@cafepress.com,2,0
155,Anna-maria,Widdop,awiddop4a@intel.com,1,0
156,Olivia,Stormes,ostormes4b@sourceforge.net,1,1
157,Ase,Sabatier,asabatier4c@xinhuanet.com,,1
158,Iolande,MacAndie,imacandie4d@twitpic.com,1,2
159,Helli,Matteotti,hmatteotti4e@apple.com,2,2
160,Chip,Laurance,claurance4f@independent.co.uk,1,3
161,Trude,Heball,theball4g@liveinternet.ru,1,1
162,Suzy,Portigall,sportigall4h@privacy.gov.au,2,1
163,Rustin,Dimbylow,rdimbylow4i@ifeng.com,,2
164,Stu,Gayle,sgayle4j@washington.edu,,0
165,Denys,Broxis,dbroxis4k@theatlantic.com,2,2
166,Zuzana,Lebarree,zlebarree4l@multiply.com,,2
167,Toiboid,McMurty,tmcmurty4m@slate.com,,3
168,Gianni,Antonognoli,gantonognoli4n@wikipedia.org,2,2
169,Tonye,Beavan,tbeavan4o@prweb.com,4,0
170,Luce,Farnall,lfarnall4p@princeton.edu,,2
171,Charlotta,Cawcutt,ccawcutt4q@cdbaby.com,1,2
172,Linzy,Haliburn,lhaliburn4r@over-blog.com,1,0
173,Cecil,Ratchford,cratchford4s@auda.org.au,3,0
174,Isador,Butterley,ibutterley4t@marriott.com,2,3
175,Hort,Worsnap,hworsnap4u@cafepress.com,,2
176,Vitoria,Bryer,vbryer4v@flavors.me,1,1
177,Martita,Taree,mtaree4w@un.org,1,1
178,Buckie,Boatright,bboatright4x@geocities.jp,2,3
179,Marielle,Frackiewicz,mfrackiewicz4y@mail.ru,4,0
180,Emmey,Haggard,ehaggard4z@tamu.edu,2,3
181,Keene,McIlvaney,kmcilvaney50@ycombinator.com,3,2
182,Ebony,Fuke,efuke51@upenn.edu,,0
183,Fairleigh,Allday,fallday52@dailymail.co.uk,3,0
184,Ainslie,Lanahan,alanahan53@t.co,,1
185,Ariella,Stather,astather54@storify.com,1,1
186,Yettie,Naylor,ynaylor55@istockphoto.com,,3
187,Darbee,Royce,droyce56@nifty.com,1,3
188,Dorian,Skuce,dskuce57@pagesperso-orange.fr,3,2
189,Sarena,Surgison,ssurgison58@sina.com.cn,4,2
190,Hayward,McCluin,hmccluin59@army.mil,,1
191,Maudie,Buckthought,mbuckthought5a@jugem.jp,4,3
192,Ansley,Jan,ajan5b@mlb.com,2,3
193,Deonne,Minchin,dminchin5c@360.cn,,3
194,Eleonore,Bushill,ebushill5d@amazon.co.jp,2,2
195,Gabbi,Point,gpoint5e@youtube.com,1,1
196,Chaddie,Haitlie,chaitlie5f@arstechnica.com,1,1
197,Mord,Cosgry,mcosgry5g@booking.com,2,0
198,Alaster,Carayol,acarayol5h@msn.com,2,2
199,Anette,McGlade,amcglade5i@latimes.com,1,3
200,Symon,Gronaller,sgronaller5j@creativecommons.org,1,0
201,Robbie,Woodyatt,rwoodyatt5k@admin.ch,3,0
202,Alfie,Wilman,awilman5l@hud.gov,2,1
203,Belia,Adao,badao5m@umn.edu,3,0
204,Ira,Gritton,igritton5n@mozilla.org,4,0
205,Rayner,Cromie,rcromie5o@vinaora.com,2,3
206,Lennie,Benediktovich,lbenediktovich5p@ifeng.com,,2
207,Alisun,Giorio,agiorio5q@google.com.br,1,3
208,Gussy,Dungee,gdungee5r@mozilla.com,,2
209,Alanna,Sedge,asedge5s@nsw.gov.au,4,1
210,Stefano,Moth,smoth5t@nydailynews.com,4,0
211,Dierdre,Perfitt,dperfitt5u@eepurl.com,1,0
212,Georges,Churcher,gchurcher5v@g.co,,3
213,Kristoforo,McKernan,kmckernan5w@weibo.com,,2
214,Clifford,Sibbet,csibbet5x@abc.net.au,4,1
215,Joaquin,Drewell,jdrewell5y@smugmug.com,1,0
216,Dagny,Piggford,dpiggford5z@youku.com,3,2
217,Berry,Risley,brisley60@army.mil,2,2
218,Giles,Oscroft,goscroft61@noaa.gov,1,0
219,Yuma,Ling,yling62@nhs.uk,3,0
220,Jada,Thomtson,jthomtson63@forbes.com,4,0
221,Dickie,Simonato,dsimonato64@vinaora.com,2,1
222,Sandie,O' Timony,sotimony65@ocn.ne.jp,2,2
223,Raddy,Bygreaves,rbygreaves66@google.co.uk,4,3
224,Guenevere,McKechnie,gmckechnie67@mozilla.com,2,3
225,Lory,McNeilley,lmcneilley68@weather.com,4,0
226,Consuela,Foye,cfoye69@eepurl.com,4,0
227,Katrinka,Kohnemann,kkohnemann6a@t-online.de,3,0
228,Anstice,Morrison,amorrison6b@list-manage.com,4,2
229,Isacco,Sakins,isakins6c@opera.com,4,1
230,Windy,Brimham,wbrimham6d@harvard.edu,2,0
231,Arluene,Utterson,autterson6e@forbes.com,2,3
232,Everett,Baskerville,ebaskerville6f@cnn.com,3,2
233,Pall,Durber,pdurber6g@dion.ne.jp,,1
234,Bernardine,Bentson,bbentson6h@chicagotribune.com,1,1
235,Stevy,Feifer,sfeifer6i@statcounter.com,2,2
236,Breena,Rummin,brummin6j@altervista.org,1,1
237,Cammy,Mayling,cmayling6k@biglobe.ne.jp,,3
238,Gaylord,Roxburch,groxburch6l@plala.or.jp,3,2
239,Bobbe,Jump,bjump6m@artisteer.com,,2
240,Farica,Greiswood,fgreiswood6n@delicious.com,3,1
241,Timmie,Wilce,twilce6o@pbs.org,3,2
242,Decca,Loseby,dloseby6p@nba.com,4,2
243,Rice,Lode,rlode6q@lulu.com,2,3
244,George,Struys,gstruys6r@usnews.com,2,0
245,Harp,Steart,hsteart6s@wp.com,3,2
246,Saundra,Philcock,sphilcock6t@feedburner.com,1,1
247,Rice,Wardhaugh,rwardhaugh6u@earthlink.net,2,0
248,Stefano,Van Arsdalen,svanarsdalen6v@networkadvertising.org,1,1
249,Sada,Biswell,sbiswell6w@slideshare.net,3,1
250,Calley,Talby,ctalby6x@netlog.com,2,2
251,Tatiania,Farthin,tfarthin6y@google.fr,2,2
252,Janka,Vivien,jvivien6z@prnewswire.com,2,1
253,Devin,Sugg,dsugg70@istockphoto.com,2,2
254,Terri,Jeandel,tjeandel71@fema.gov,2,2
255,Avram,Doding,adoding72@google.com.au,1,2
256,Osbourne,Cozzi,ocozzi73@weibo.com,,0
257,Beret,Joubert,bjoubert74@bizjournals.com,3,0
258,Penn,Sinson,psinson75@moonfruit.com,3,3
259,Conny,Todarello,ctodarello76@nature.com,1,2
260,Vernon,Cleaver,vcleaver77@walmart.com,4,2
261,Halley,L'Homme,hlhomme78@state.tx.us,4,1
262,Felipe,Nibloe,fnibloe79@narod.ru,,0
263,Marlin,Rosenbush,mrosenbush7a@theguardian.com,4,1
264,Chandra,Yegorshin,cyegorshin7b@elegantthemes.com,,0
265,Kit,Morewood,kmorewood7c@myspace.com,4,0
266,Tabbi,Bulgen,tbulgen7d@fastcompany.com,4,0
267,Britt,Banger,bbanger7e@gravatar.com,4,2
268,Irwin,Lightwing,ilightwing7f@webmd.com,,2
269,Rufe,Moyers,rmoyers7g@scientificamerican.com,2,1
270,Patric,Grishaev,pgrishaev7h@cloudflare.com,2,1
271,Belinda,Mixer,bmixer7i@europa.eu,,1
272,Lilla,Pitt,lpitt7j@google.fr,4,0
273,Aristotle,Ure,aure7k@hexun.com,2,2
274,Jenny,Wasiela,jwasiela7l@skype.com,,2
275,Dierdre,Rubrow,drubrow7m@bing.com,,1
276,Leon,Grisedale,lgrisedale7n@fotki.com,4,0
277,Effie,Boath,eboath7o@bluehost.com,3,1
278,Olin,Creeboe,ocreeboe7p@fotki.com,4,3
279,Jamill,Clappison,jclappison7q@hp.com,3,1
280,Beilul,Baus,bbaus7r@g.co,4,2
281,Harriet,Gerram,hgerram7s@uol.com.br,,2
282,Baird,Banfill,bbanfill7t@nationalgeographic.com,,1
283,Daphne,Moohan,dmoohan7u@skype.com,2,0
284,Rora,Ventris,rventris7v@w3.org,,3
285,Hazel,Machon,hmachon7w@businesswire.com,2,2
286,Cornall,Madeley,cmadeley7x@360.cn,,2
287,Laurene,Sharrier,lsharrier7y@shutterfly.com,1,0
288,Carling,Freestone,cfreestone7z@ning.com,4,0
289,Simone,Fabbri,sfabbri80@tripadvisor.com,4,0
290,Alphonso,Bunson,abunson81@google.nl,1,3
291,Reggi,Dillinger,rdillinger82@guardian.co.uk,2,1
292,Shay,Stowe,sstowe83@chronoengine.com,2,0
293,Diane-marie,Dibbs,ddibbs84@va.gov,4,1
294,Shelia,Jenyns,sjenyns85@microsoft.com,3,0
295,Oralla,Coombes,ocoombes86@ustream.tv,,3
296,Gael,Sarfas,gsarfas87@google.pl,1,1
297,Herbie,Tolley,htolley88@archive.org,1,3
298,Cece,Geertz,cgeertz89@dyndns.org,4,3
299,Orsola,Carstairs,ocarstairs8a@godaddy.com,2,3
300,Kay,Hedger,khedger8b@ebay.co.uk,3,0
301,Kenneth,Puden,kpuden8c@pen.io,3,3
302,Cooper,Dagleas,cdagleas8d@cnn.com,2,3
303,Ericha,Jaukovic,ejaukovic8e@imageshack.us,4,2
304,Barri,Abethell,babethell8f@tinypic.com,3,0
305,Barny,Seymark,bseymark8g@de.vu,1,3
306,Roselle,Videler,rvideler8h@tinypic.com,4,0
307,Killie,Adamczyk,kadamczyk8i@berkeley.edu,2,2
308,Billie,Cancellario,bcancellario8j@yellowbook.com,3,1
309,Gusti,Bonallack,gbonallack8k@arizona.edu,,1
310,Lorrin,Maynell,lmaynell8l@census.gov,,0
311,Erny,Kitlee,ekitlee8m@go.com,3,2
312,Skip,Arendt,sarendt8n@newsvine.com,4,1
313,Bryce,Bulley,bbulley8o@prweb.com,1,3
314,Melicent,Ekkel,mekkel8p@nationalgeographic.com,1,0
315,Beck,Murrthum,bmurrthum8q@shinystat.com,2,1
316,Clarie,Gisby,cgisby8r@discovery.com,2,3
317,Raff,Lansley,rlansley8s@wikimedia.org,3,3
318,Harley,Heselwood,hheselwood8t@rediff.com,2,0
319,Gabriel,Maruska,gmaruska8u@yale.edu,,2
320,Calla,Holtum,choltum8v@facebook.com,3,3
321,Caye,Straughan,cstraughan8w@hp.com,3,2
322,Renate,Farbrother,rfarbrother8x@meetup.com,3,2
323,Sabra,Petyanin,spetyanin8y@unesco.org,3,0
324,Teirtza,Musslewhite,tmusslewhite8z@shutterfly.com,3,0
325,Murvyn,Fulop,mfulop90@slideshare.net,4,2
326,Morly,Basili,mbasili91@pen.io,,3
327,Skell,Lippiello,slippiello92@seesaa.net,1,3
328,Franzen,Durkin,fdurkin93@yelp.com,,1
329,Lorenzo,Jakuszewski,ljakuszewski94@weather.com,1,3
330,Berky,Colthurst,bcolthurst95@tumblr.com,4,1
331,Creigh,Waple,cwaple96@yale.edu,2,2
332,Uriel,MacKerley,umackerley97@dmoz.org,4,1
333,Cammi,Sewards,csewards98@ebay.com,2,3
334,Joceline,Molan,jmolan99@cbsnews.com,4,1
335,Brok,Falkner,bfalkner9a@facebook.com,2,1
336,Chadwick,Dominguez,cdominguez9b@noaa.gov,2,0
337,Olympia,Maps,omaps9c@ocn.ne.jp,3,1
338,Chrissy,Dundon,cdundon9d@comcast.net,3,0
339,Berny,Gatherer,bgatherer9e@tripod.com,1,1
340,April,Sillick,asillick9f@studiopress.com,3,3
341,Eamon,Sanja,esanja9g@tripod.com,4,0
342,Hy,de Juares,hdejuares9h@amazon.de,4,1
343,Hartwell,Dallman,hdallman9i@accuweather.com,1,1
344,Kippie,Zettoi,kzettoi9j@wisc.edu,4,2
345,Vin,Pogson,vpogson9k@twitpic.com,,0
346,Gardy,Donahue,gdonahue9l@rambler.ru,2,1
347,Spike,Cortez,scortez9m@washingtonpost.com,3,0
348,Kit,Kneaphsey,kkneaphsey9n@bravesites.com,1,1
349,Lesya,Kennford,lkennford9o@ask.com,2,3
350,Alisander,Collingwood,acollingwood9p@telegraph.co.uk,4,3
351,Deanne,Fishby,dfishby9q@youtu.be,1,2
352,Hewie,Pietron,hpietron9r@so-net.ne.jp,2,1
353,Broddy,Ead,bead9s@diigo.com,,1
354,Rolando,Sheering,rsheering9t@mozilla.org,2,1
355,Pierce,Bescoby,pbescoby9u@google.it,2,2
356,Gerianne,Yaxley,gyaxley9v@google.com.br,2,3
357,Flory,Perrin,fperrin9w@feedburner.com,3,3
358,Ambrosius,Wilsone,awilsone9x@redcross.org,2,3
359,Pearle,Sutherns,psutherns9y@go.com,2,0
360,Gage,Chisnall,gchisnall9z@stanford.edu,,1
361,Oswell,Blackborough,oblackborougha0@shareasale.com,4,2
362,Starr,Aherne,sahernea1@rakuten.co.jp,2,3
363,Helge,Emberton,hembertona2@oaic.gov.au,2,2
364,Lib,Henriet,lhenrieta3@flavors.me,3,2
365,Blondell,Scoggans,bscoggansa4@state.tx.us,4,2
366,Lu,Freegard,lfreegarda5@ucsd.edu,1,1
367,Maddy,Cleyne,mcleynea6@g.co,3,1
368,Shauna,Miliffe,smiliffea7@networksolutions.com,4,0
369,Orville,Jillitt,ojillitta8@issuu.com,4,1
370,Reggy,Olive,rolivea9@tripod.com,,0
371,Fifi,Anfosso,fanfossoaa@ucsd.edu,,0
372,Victoir,Summersett,vsummersettab@hao123.com,3,0
373,Alanah,Lejeune,alejeuneac@qq.com,,1
374,Patric,Caseley,pcaseleyad@bbb.org,1,2
375,Maitilde,Kinvan,mkinvanae@tripod.com,,1
376,Christoffer,Jorry,cjorryaf@godaddy.com,,1
377,Kristoforo,Grainge,kgraingeag@furl.net,1,0
378,Bobina,Hildred,bhildredah@ox.ac.uk,3,2
379,Burnard,Austick,baustickai@wikispaces.com,4,0
380,Ingeborg,Mytton,imyttonaj@msn.com,4,3
381,Cristobal,Jirzik,cjirzikak@sogou.com,1,3
382,Forrester,Jerzyk,fjerzykal@yelp.com,3,3
383,Klement,Risborough,krisborougham@dmoz.org,,0
384,Lambert,Steward,lstewardan@issuu.com,4,2
385,Ainslee,Le Franc,alefrancao@flavors.me,1,2
386,Babita,Gazzard,bgazzardap@macromedia.com,,3
387,Penelopa,Mountain,pmountainaq@umich.edu,3,1
388,Constantin,Arpino,carpinoar@newsvine.com,1,1
389,Celia,Robbeke,crobbekeas@uol.com.br,,1
390,Gisella,Skingle,gskingleat@sciencedirect.com,3,1
391,Karil,Huetson,khuetsonau@twitpic.com,4,1
392,Elsi,Crispin,ecrispinav@naver.com,2,1
393,Michaela,Brou,mbrouaw@alexa.com,1,0
394,Gran,Jone,gjoneax@sbwire.com,3,1
395,Elsworth,Pryell,epryellay@aol.com,4,1
396,Renie,McGilroy,rmcgilroyaz@goodreads.com,2,0
397,Bunnie,O'Heneghan,boheneghanb0@indiegogo.com,1,2
398,Teresita,Ishchenko,tishchenkob1@hubpages.com,,1
399,Cornie,Skates,cskatesb2@opera.com,3,2
400,Ericha,Gulliver,egulliverb3@surveymonkey.com,1,1
401,Rochella,Baildon,rbaildonb4@house.gov,1,0
402,Brett,Goranov,bgoranovb5@stanford.edu,2,0
403,Renado,Kendall,rkendallb6@tinypic.com,,2
404,Royall,O'Driscole,rodriscoleb7@csmonitor.com,1,0
405,Norbie,Arrighetti,narrighettib8@archive.org,1,2
406,Sauncho,Cheesley,scheesleyb9@umich.edu,1,2
407,Ignatius,Collabine,icollabineba@youtube.com,,0
408,Arleen,Kinkead,akinkeadbb@4shared.com,2,1
409,Milka,MacCheyne,mmaccheynebc@berkeley.edu,2,3
410,Willey,Barter,wbarterbd@pen.io,1,0
411,Kassie,Sowrey,ksowreybe@dailymail.co.uk,,3
412,Una,Dani,udanibf@shutterfly.com,,3
413,Delora,Surgeon,dsurgeonbg@skype.com,1,1
414,Carmina,Smeal,csmealbh@patch.com,2,2
415,Haze,Jertz,hjertzbi@upenn.edu,1,2
416,Gaspard,Stamps,gstampsbj@blogtalkradio.com,4,3
417,Myrta,Jan,mjanbk@homestead.com,,2
418,Dulcine,Downie,ddowniebl@rambler.ru,4,2
419,Grover,Neal,gnealbm@buzzfeed.com,,1
420,Thornie,Goodbody,tgoodbodybn@wp.com,3,1
421,Bud,Ropcke,bropckebo@mit.edu,,2
422,Karisa,Jacobovitch,kjacobovitchbp@tinyurl.com,,3
423,Corinna,Rooper,crooperbq@soundcloud.com,2,3
424,Ashly,Lippett,alippettbr@bloglovin.com,2,2
425,Maryrose,Mattson,mmattsonbs@ocn.ne.jp,3,1
426,Kaleb,Willingam,kwillingambt@google.co.uk,2,0
427,Giselbert,Stoll,gstollbu@mayoclinic.com,1,0
428,Forbes,Pippin,fpippinbv@histats.com,3,3
429,Sara-ann,Musso,smussobw@jalbum.net,,2
430,Kaylee,Eates,keatesbx@histats.com,,0
431,Corbett,Frediani,cfredianiby@berkeley.edu,3,0
432,Marina,Trower,mtrowerbz@creativecommons.org,4,0
433,Hortense,Bygrave,hbygravec0@sakura.ne.jp,,3
434,Vita,Lilburne,vlilburnec1@slashdot.org,,3
435,Randal,Meakin,rmeakinc2@amazonaws.com,1,1
436,Rayner,Phython,rphythonc3@nsw.gov.au,2,1
437,Urbano,Deroche,uderochec4@addthis.com,4,3
438,Cordi,Bickerton,cbickertonc5@weebly.com,3,2
439,Jozef,Tabour,jtabourc6@barnesandnoble.com,1,2
440,Merl,Vokes,mvokesc7@google.pl,1,2
441,Eleni,Arnull,earnullc8@un.org,2,1
442,Monroe,Bareham,mbarehamc9@marketwatch.com,2,1
443,Benni,Sherlaw,bsherlawca@goo.gl,2,1
444,Mannie,Dougherty,mdoughertycb@amazon.co.jp,2,2
445,Keeley,Shreve,kshrevecc@instagram.com,,1
446,Teodorico,Bridgewater,tbridgewatercd@printfriendly.com,4,2
447,Robinson,Grendon,rgrendonce@angelfire.com,2,3
448,Ayn,Lerway,alerwaycf@auda.org.au,1,0
449,Sheffy,Meininger,smeiningercg@walmart.com,1,1
450,Deloria,Lefort,dlefortch@pagesperso-orange.fr,1,2
451,Alaric,Wittering,awitteringci@hc360.com,1,3
452,Charo,Barr,cbarrcj@symantec.com,,3
453,Josie,Bawcock,jbawcockck@meetup.com,1,2
454,Lyle,Gwinn,lgwinncl@bloglovin.com,4,1
455,Burch,Sharply,bsharplycm@squidoo.com,3,2
456,Dickie,Holsall,dholsallcn@berkeley.edu,3,1
457,Melamie,Impey,mimpeyco@bravesites.com,1,2
458,Rod,Wenderoth,rwenderothcp@gov.uk,,1
459,Eben,Splaven,esplavencq@i2i.jp,1,2
460,Anita,Auletta,aaulettacr@youtube.com,1,3
461,Raychel,Bilbrook,rbilbrookcs@businessinsider.com,4,2
462,Allie,Meechan,ameechanct@weather.com,1,2
463,Ramonda,Insko,rinskocu@t-online.de,1,2
464,Harland,Eagling,heaglingcv@ox.ac.uk,1,0
465,Aksel,Fortun,afortuncw@mashable.com,3,3
466,Jared,Beall,jbeallcx@google.com.hk,1,1
467,Florry,Dineges,fdinegescy@4shared.com,2,3
468,Natka,Qualtrough,nqualtroughcz@slashdot.org,2,1
469,Anetta,Hazeman,ahazemand0@miitbeian.gov.cn,3,3
470,Somerset,Thews,sthewsd1@nytimes.com,4,0
471,Tessi,Conachy,tconachyd2@apple.com,,1
472,Ibby,Toombes,itoombesd3@whitehouse.gov,4,2
473,Atlante,Lowthian,alowthiand4@moonfruit.com,1,0
474,Ansel,Duxfield,aduxfieldd5@disqus.com,1,0
475,Leonidas,McCahill,lmccahilld6@oakley.com,3,1
476,Nikola,Bruckenthal,nbruckenthald7@aboutads.info,2,1
477,Bondon,Cargenven,bcargenvend8@dagondesign.com,,2
478,Becka,Gilfillan,bgilfilland9@clickbank.net,4,0
479,Osbourn,Faulconer,ofaulconerda@merriam-webster.com,,0
480,Giraldo,Malacrida,gmalacridadb@webmd.com,2,2
481,Jessalin,Tuffell,jtuffelldc@tumblr.com,1,3
482,Nikki,Lossman,nlossmandd@blogs.com,4,0
483,Robin,Heningham,rheninghamde@smh.com.au,,2
484,Josephine,Yitzowitz,jyitzowitzdf@acquirethisname.com,,3
485,Theobald,Plaunch,tplaunchdg@hp.com,4,2
486,Eleanora,Meriet,emerietdh@businessweek.com,2,1
487,Suzann,Hauger,shaugerdi@naver.com,2,2
488,Rene,Lansberry,rlansberrydj@indiegogo.com,,2
489,Hoyt,Kneeland,hkneelanddk@tmall.com,2,0
490,Ardisj,Burgise,aburgisedl@goo.ne.jp,1,2
491,Korrie,Bamlet,kbamletdm@uiuc.edu,2,2
492,Whitney,Terese,wteresedn@google.fr,,3
493,Honoria,Ivanchin,hivanchindo@tripod.com,1,0
494,Maighdiln,Gasticke,mgastickedp@sina.com.cn,3,0
495,Neville,Dyshart,ndyshartdq@cafepress.com,4,2
496,Lilian,Wemyss,lwemyssdr@list-manage.com,,2
497,Knox,Murt,kmurtds@craigslist.org,2,1
498,Ansell,di Rocca,adiroccadt@icio.us,2,3
499,Flore,Banbrook,fbanbrookdu@twitter.com,1,3
500,Lawry,Purser,lpurserdv@istockphoto.com,2,1
501,Ingmar,Dukes,idukesdw@adobe.com,1,1
502,Juan,Courtin,jcourtindx@liveinternet.ru,,0
503,Hayyim,Gori,hgoridy@bloglovin.com,4,3
504,Jone,Fidock,jfidockdz@reference.com,1,2
505,Cherrita,Vakhlov,cvakhlove0@hubpages.com,1,1
506,Thaddus,Swanson,tswansone1@booking.com,,1
507,Neil,Nasey,nnaseye2@live.com,1,3
508,Dalenna,Wisham,dwishame3@jimdo.com,3,1
509,Si,Hankins,shankinse4@naver.com,3,0
510,Willi,Carress,wcarresse5@wsj.com,3,1
511,Enid,Bollini,ebollinie6@upenn.edu,2,3
512,Hattie,Vasse,hvassee7@github.com,1,3
513,Veradis,Handrek,vhandreke8@ca.gov,4,0
514,Lou,Halpine,lhalpinee9@answers.com,2,1
515,Tedi,Gradwell,tgradwellea@cisco.com,,2
516,Steffen,Godin,sgodineb@addtoany.com,1,0
517,Luci,Rubbens,lrubbensec@washington.edu,4,0
518,Rodolfo,Sidden,rsiddened@baidu.com,1,0
519,Lacee,Worsam,lworsamee@newsvine.com,3,1
520,Anneliese,Nottingham,anottinghamef@photobucket.com,4,1
521,Sheela,Withinshaw,swithinshaweg@cdbaby.com,,1
522,Olivier,Berney,oberneyeh@mozilla.org,2,3
523,Wendy,Cady,wcadyei@statcounter.com,4,0
524,Marita,Robins,mrobinsej@thetimes.co.uk,,2
525,Reidar,Butrimovich,rbutrimovichek@printfriendly.com,1,0
526,Oren,St. Hill,osthillel@oakley.com,1,2
527,Hamilton,Jindrak,hjindrakem@mapquest.com,2,0
528,Tabor,Walton,twaltonen@nymag.com,2,2
529,Gwendolen,Gooding,ggoodingeo@baidu.com,4,0
530,Cris,Strutt,cstruttep@nationalgeographic.com,,2
531,Isa,Norwell,inorwelleq@chronoengine.com,4,3
532,Kali,MacTeggart,kmacteggarter@shop-pro.jp,2,1
533,Ameline,Duligall,aduligalles@ihg.com,3,2
534,Justis,McGriele,jmcgrieleet@narod.ru,4,3
535,Agace,Andrez,aandrezeu@wikimedia.org,3,1
536,Harriett,Garnall,hgarnallev@time.com,3,1
537,Lukas,Giorgione,lgiorgioneew@hubpages.com,2,3
538,Winnie,Scriver,wscriverex@deviantart.com,2,2
539,Gonzales,Dargue,gdargueey@reverbnation.com,3,2
540,Natassia,Crippes,ncrippesez@slashdot.org,4,0
541,Maribelle,Leipoldt,mleipoldtf0@wisc.edu,2,3
542,Tove,Jagielski,tjagielskif1@xinhuanet.com,,3
543,Neal,Stigell,nstigellf2@omniture.com,3,0
544,Sile,Hoyles,shoylesf3@umich.edu,,2
545,Beatrix,Pink,bpinkf4@tmall.com,3,0
546,Willabella,Bolitho,wbolithof5@plala.or.jp,,2
547,Adela,Haste,ahastef6@techcrunch.com,,2
548,Gilli,Veelers,gveelersf7@webmd.com,1,2
549,Courtnay,Hasselby,chasselbyf8@bbb.org,2,1
550,Nelia,Zammett,nzammettf9@istockphoto.com,,2
551,Mick,Maggi,mmaggifa@salon.com,4,1
552,Evita,Brockelsby,ebrockelsbyfb@adobe.com,1,3
553,Pip,Kordas,pkordasfc@sun.com,,3
554,Charlene,Renault,crenaultfd@plala.or.jp,2,0
555,Judye,Rigbye,jrigbyefe@ning.com,2,3
556,Susan,Swyne,sswyneff@blinklist.com,,0
557,Nev,Le Port,nleportfg@artisteer.com,4,1
558,Philip,Leinthall,pleinthallfh@hp.com,4,0
559,Gerald,Thorogood,gthorogoodfi@si.edu,,3
560,Hermy,Bugdell,hbugdellfj@weebly.com,4,1
561,Frasier,Goodlake,fgoodlakefk@netvibes.com,2,2
562,Barbara-anne,Semaine,bsemainefl@reuters.com,1,0
563,Madlen,Randalson,mrandalsonfm@booking.com,2,2
564,Jocko,Lankester,jlankesterfn@fc2.com,4,1
565,Maxie,Ambrosini,mambrosinifo@sourceforge.net,2,3
566,Bethena,Fright,bfrightfp@earthlink.net,4,0
567,Sabina,Arundell,sarundellfq@japanpost.jp,,0
568,Sonny,Steadman,ssteadmanfr@rambler.ru,3,0
569,Neale,Pappin,npappinfs@trellian.com,,1
570,Clarey,Scrancher,cscrancherft@t-online.de,2,1
571,Aeriela,Hedden,aheddenfu@apple.com,3,2
572,Robby,O'Scully,roscullyfv@globo.com,,3
573,Joseph,D'Alwis,jdalwisfw@blogs.com,1,1
574,Darrick,Clemo,dclemofx@last.fm,,2
575,Clyde,Lackmann,clackmannfy@dyndns.org,2,2
576,Kimberley,Laughrey,klaughreyfz@domainmarket.com,1,2
577,Alene,Drinan,adrinang0@amazon.co.jp,4,0
578,Richard,Fullilove,rfulliloveg1@squidoo.com,4,1
579,Angel,Nisby,anisbyg2@stumbleupon.com,2,3
580,Jacqui,Cant,jcantg3@salon.com,2,3
581,Robinia,Yesson,ryessong4@shutterfly.com,3,2
582,Collen,Greste,cgresteg5@arstechnica.com,1,0
583,Fidela,Colisbe,fcolisbeg6@hexun.com,1,2
584,Tisha,Bakhrushkin,tbakhrushking7@clickbank.net,4,3
585,Montgomery,Cescon,mcescong8@alibaba.com,1,1
586,Tressa,Paolinelli,tpaolinellig9@senate.gov,2,2
587,Jennilee,Britney,jbritneyga@mozilla.com,1,3
588,Chelsae,Wooderson,cwoodersongb@mashable.com,2,0
589,Yule,Endean,yendeangc@goo.ne.jp,,0
590,Amerigo,Barratt,abarrattgd@fastcompany.com,4,1
591,Georges,Clear,gclearge@si.edu,1,1
592,Sharai,Cottee,scotteegf@icq.com,3,1
593,Fiorenze,Moffatt,fmoffattgg@mlb.com,3,1
594,Angelico,Ravel,aravelgh@wix.com,,0
595,Noak,Want,nwantgi@discovery.com,2,0
596,Averil,Avis,aavisgj@cbsnews.com,2,3
597,Deloris,Andriveaux,dandriveauxgk@senate.gov,1,2
598,Dehlia,Denver,ddenvergl@topsy.com,3,3
599,Nancie,Boles,nbolesgm@virginia.edu,4,2
600,Ellette,Tasseler,etasselergn@seesaa.net,,3
601,Genvieve,Stuttard,gstuttardgo@earthlink.net,,0
602,Rollin,Kidner,rkidnergp@simplemachines.org,4,1
603,Trever,Felgat,tfelgatgq@miibeian.gov.cn,2,1
604,Hyacinthie,Sonley,hsonleygr@redcross.org,1,1
605,Tedd,Burghill,tburghillgs@delicious.com,3,1
606,Anstice,Joule,ajoulegt@dell.com,2,1
607,Sasha,Diggons,sdiggonsgu@w3.org,,2
608,Nelly,Metson,nmetsongv@wsj.com,3,0
609,Clementine,Crimp,ccrimpgw@webs.com,1,3
610,Elbertine,Crollman,ecrollmangx@berkeley.edu,2,0
611,Vallie,Hupe,vhupegy@spotify.com,3,1
612,Arlene,Lillecrap,alillecrapgz@edublogs.org,,0
613,Erny,Willetts,ewillettsh0@pagesperso-orange.fr,2,2
614,Audie,Skill,askillh1@hugedomains.com,,2
615,Edyth,Misk,emiskh2@edublogs.org,,3
616,Eduardo,Mewes,emewesh3@huffingtonpost.com,1,0
617,Torry,Matusovsky,tmatusovskyh4@opensource.org,1,0
618,Doro,Mathew,dmathewh5@surveymonkey.com,4,1
619,Thornie,Tugman,ttugmanh6@networkadvertising.org,2,3
620,Roxana,Petrashov,rpetrashovh7@goodreads.com,2,3
621,Carolina,Isted,cistedh8@amazon.com,2,0
622,Ernie,Pallatina,epallatinah9@msu.edu,2,2
623,Guinevere,Ollis,gollisha@dailymotion.com,1,1
624,Dyane,Sheryn,dsherynhb@w3.org,,3
625,Arden,Christol,achristolhc@hugedomains.com,,1
626,Brenn,Watkiss,bwatkisshd@youtube.com,3,3
627,Bonita,Hundey,bhundeyhe@washington.edu,,2
628,Griffith,Coskerry,gcoskerryhf@eepurl.com,4,0
629,Dinnie,Alwen,dalwenhg@nps.gov,4,1
630,Neal,Hardan,nhardanhh@g.co,3,0
631,Launce,Larose,llarosehi@psu.edu,3,2
632,Karlis,Simonazzi,ksimonazzihj@ucsd.edu,,3
633,Caron,Hawkin,chawkinhk@odnoklassniki.ru,,2
634,Colby,Duddle,cduddlehl@webeden.co.uk,,0
635,Chloe,Quickfall,cquickfallhm@mlb.com,3,2
636,Devonna,Donett,ddonetthn@cocolog-nifty.com,2,1
637,Dionysus,Klossek,dklossekho@unc.edu,4,3
638,Peggi,Beyer,pbeyerhp@yelp.com,,2
639,Van,Ledgeway,vledgewayhq@nifty.com,3,1
640,Sherline,Fotheringham,sfotheringhamhr@odnoklassniki.ru,4,1
641,Nollie,Screach,nscreachhs@networkadvertising.org,,3
642,Nicola,Sapseed,nsapseedht@globo.com,1,1
643,Corina,Spataro,cspatarohu@merriam-webster.com,,1
644,Adrianne,Perris,aperrishv@soup.io,1,2
645,Jodie,Rappport,jrappporthw@ft.com,3,1
646,Far,Lockitt,flockitthx@cornell.edu,2,3
647,Ruperto,Meddows,rmeddowshy@ted.com,3,0
648,Tarrah,Dearnaley,tdearnaleyhz@google.nl,3,3
649,Claudius,Dacks,cdacksi0@about.com,2,3
650,Kalinda,McDool,kmcdooli1@livejournal.com,,2
651,Doreen,Flory,dfloryi2@hostgator.com,2,0
652,Lemar,Greatbach,lgreatbachi3@tinyurl.com,4,0
653,Eward,Finnes,efinnesi4@wired.com,,1
654,Tammie,Hayland,thaylandi5@t.co,3,1
655,Molli,Whatman,mwhatmani6@google.pl,1,3
656,Isabella,Vincent,ivincenti7@baidu.com,1,0
657,Adriano,Simonutti,asimonuttii8@disqus.com,3,1
658,Emmie,Bolzmann,ebolzmanni9@cam.ac.uk,3,0
659,Denis,Briers,dbriersia@privacy.gov.au,4,0
660,Katerina,Goomes,kgoomesib@usa.gov,,1
661,Veradis,Darben,vdarbenic@mlb.com,2,2
662,Penni,Binny,pbinnyid@nydailynews.com,2,2
663,Manny,McMurtyr,mmcmurtyrie@jugem.jp,4,1
664,Franzen,Joist,fjoistif@mozilla.org,,0
665,Arabela,Coning,aconingig@facebook.com,,2
666,Selene,Coltart,scoltartih@amazon.de,1,1
667,Ulla,Brampton,ubramptonii@github.io,4,1
668,Berti,Woodcock,bwoodcockij@cnn.com,3,2
669,Kellia,Scarlon,kscarlonik@squidoo.com,,2
670,Eli,Wathall,ewathallil@redcross.org,4,3
671,Devlen,Lantuff,dlantuffim@technorati.com,4,2
672,Scarlet,Verity,sverityin@blogger.com,,0
673,Emanuele,Bartke,ebartkeio@blinklist.com,3,0
674,Brady,Grund,bgrundip@macromedia.com,4,2
675,Carly,Jeays,cjeaysiq@reddit.com,2,1
676,Lyle,McGeagh,lmcgeaghir@nyu.edu,4,1
677,Fletch,O'Farrell,fofarrellis@nbcnews.com,4,3
678,Emlyn,Haldene,ehaldeneit@mozilla.com,,2
679,Kelley,Gierck,kgierckiu@feedburner.com,3,1
680,Aprilette,Graalmans,agraalmansiv@blogs.com,1,3
681,Alexandr,Adiscot,aadiscotiw@cdbaby.com,1,0
682,Jeremiah,Ottee,jotteeix@usda.gov,3,2
683,Zebadiah,Ilewicz,zilewicziy@addtoany.com,2,1
684,Link,Rudsdell,lrudsdelliz@github.io,1,1
685,Stefano,Raleston,sralestonj0@t-online.de,,2
686,Barbi,Kinneir,bkinneirj1@nps.gov,4,1
687,Euphemia,Kilmary,ekilmaryj2@de.vu,2,3
688,Vickie,Oddey,voddeyj3@scribd.com,2,1
689,Willy,Wadmore,wwadmorej4@hatena.ne.jp,2,1
690,Bartolomeo,Lloyd-Williams,blloydwilliamsj5@theatlantic.com,1,3
691,Rebekah,Ouchterlony,rouchterlonyj6@vinaora.com,2,0
692,Deerdre,Boyn,dboynj7@msn.com,3,3
693,Giulio,Hove,ghovej8@github.io,2,2
694,Lucian,Ivancevic,livancevicj9@cyberchimps.com,,3
695,Willard,Eagleston,weaglestonja@nba.com,,3
696,Harmon,Verlander,hverlanderjb@prlog.org,,1
697,Izaak,Betonia,ibetoniajc@hibu.com,2,3
698,Eward,Pasby,epasbyjd@is.gd,,0
699,Jodi,Witter,jwitterje@issuu.com,1,2
700,Powell,Vere,pverejf@scientificamerican.com,,0
701,Allene,Haney,ahaneyjg@dailymail.co.uk,4,3
702,Annmarie,Regis,aregisjh@icq.com,4,3
703,Benedetta,Preene,bpreeneji@npr.org,,0
704,Billye,Rylatt,brylattjj@answers.com,4,3
705,Honey,Gildersleaves,hgildersleavesjk@t-online.de,3,2
706,Pietro,Danielkiewicz,pdanielkiewiczjl@amazon.co.jp,1,1
707,Alan,Corrin,acorrinjm@bizjournals.com,2,2
708,Anne-marie,Cheak,acheakjn@nsw.gov.au,,2
709,Yehudi,Dutton,yduttonjo@jugem.jp,,3
710,Rurik,Palfrey,rpalfreyjp@ebay.com,2,0
711,Kellen,Doerling,kdoerlingjq@soundcloud.com,3,0
712,Layton,Lackey,llackeyjr@bbb.org,2,3
713,Mathilde,Lindenfeld,mlindenfeldjs@cloudflare.com,4,2
714,Ardine,McCritchie,amccritchiejt@salon.com,1,3
715,Dur,Calterone,dcalteroneju@eventbrite.com,2,1
716,Nonah,Asser,nasserjv@alexa.com,4,3
717,Tani,Dummer,tdummerjw@sitemeter.com,3,1
718,Ted,Mackett,tmackettjx@ucla.edu,4,3
719,Janifer,Bursnall,jbursnalljy@ebay.co.uk,3,3
720,Dominique,Murley,dmurleyjz@tuttocitta.it,,3
721,Brandi,Andrea,bandreak0@csmonitor.com,2,3
722,Benito,Houlden,bhouldenk1@google.cn,,2
723,Trueman,Debenham,tdebenhamk2@cocolog-nifty.com,1,0
724,Fenelia,Dake,fdakek3@soundcloud.com,2,3
725,Denise,Brotherhood,dbrotherhoodk4@tuttocitta.it,4,1
726,Margaux,Murrie,mmurriek5@xinhuanet.com,2,2
727,Coriss,Dewhirst,cdewhirstk6@barnesandnoble.com,4,1
728,Brose,Downs,bdownsk7@aol.com,2,0
729,Maurise,Lere,mlerek8@sakura.ne.jp,,0
730,Farrel,Corneck,fcorneckk9@163.com,4,3
731,Sibby,Wigfield,swigfieldka@sohu.com,,0
732,Shel,Raynton,srayntonkb@wordpress.org,3,3
733,Rudy,Janczewski,rjanczewskikc@instagram.com,1,0
734,Brena,Corradini,bcorradinikd@tinypic.com,,1
735,Orella,Micheli,omichelike@unesco.org,4,3
736,Mirabella,Rowling,mrowlingkf@japanpost.jp,2,0
737,Eryn,Kerrane,ekerranekg@cbc.ca,1,0
738,Ave,Ellor,aellorkh@elegantthemes.com,3,1
739,Larina,Jakolevitch,ljakolevitchki@rambler.ru,1,1
740,Granny,Stoyles,gstoyleskj@google.co.uk,2,3
741,Nikki,Algore,nalgorekk@slashdot.org,4,0
742,Lauryn,Fairrie,lfairriekl@europa.eu,2,0
743,Gillian,Longhorne,glonghornekm@earthlink.net,4,0
744,Granger,Dunderdale,gdunderdalekn@mysql.com,2,2
745,Carrol,McAster,cmcasterko@xing.com,1,3
746,Howie,Stilgoe,hstilgoekp@dagondesign.com,4,0
747,Clare,Newland,cnewlandkq@bloomberg.com,3,3
748,Liane,Bunce,lbuncekr@addthis.com,4,0
749,Flori,Niesing,fniesingks@yellowbook.com,3,2
750,Rogers,Goncaves,rgoncaveskt@digg.com,,1
751,Bertie,Rhodes,brhodesku@blogtalkradio.com,2,2
752,Kay,Bannell,kbannellkv@ezinearticles.com,3,3
753,Ashby,Giraudoux,agiraudouxkw@discuz.net,2,3
754,Lilllie,Wands,lwandskx@biblegateway.com,3,1
755,Lissi,Symondson,lsymondsonky@ucla.edu,3,1
756,Park,Stetlye,pstetlyekz@ask.com,1,1
757,Maggie,Brettell,mbrettelll0@naver.com,3,1
758,Althea,Kalaher,akalaherl1@bbc.co.uk,,1
759,Thorvald,Broggetti,tbroggettil2@cam.ac.uk,2,2
760,Rorie,Heinle,rheinlel3@wp.com,,0
761,Cornie,Bellino,cbellinol4@noaa.gov,1,3
762,Sayre,Jepson,sjepsonl5@mit.edu,3,2
763,Mureil,Renison,mrenisonl6@chicagotribune.com,2,0
764,Granville,Nolin,gnolinl7@shop-pro.jp,4,3
765,Mame,Brummell,mbrummelll8@scientificamerican.com,,1
766,Emilie,Tomasz,etomaszl9@java.com,,1
767,Maia,Battyll,mbattyllla@spiegel.de,1,3
768,Genvieve,Huyhton,ghuyhtonlb@bing.com,2,3
769,Alie,Beedell,abeedelllc@themeforest.net,1,2
770,Adriaens,Abrams,aabramsld@tamu.edu,3,0
771,Halimeda,Jacobs,hjacobsle@umich.edu,3,2
772,Helaine,Hickinbottom,hhickinbottomlf@economist.com,3,0
773,Erek,Goom,egoomlg@shinystat.com,1,3
774,Alexina,Bousfield,abousfieldlh@reddit.com,2,2
775,Allard,Marchant,amarchantli@businessinsider.com,4,3
776,Sonya,Inger,singerlj@howstuffworks.com,,3
777,Kippie,Fears,kfearslk@simplemachines.org,3,2
778,Kalle,Livezley,klivezleyll@sourceforge.net,2,1
779,Rori,Bagnall,rbagnalllm@mayoclinic.com,1,0
780,Shaw,Bollini,sbolliniln@issuu.com,3,3
781,Gaven,Mynard,gmynardlo@biblegateway.com,2,1
782,Giffard,Harse,gharselp@blinklist.com,2,2
783,Christabella,Stobo,cstobolq@last.fm,3,1
784,Fabian,Millership,fmillershiplr@google.com,3,2
785,Iago,Howe,ihowels@hc360.com,,3
786,Raimondo,Upton,ruptonlt@uiuc.edu,1,0
787,Garner,Maseres,gmasereslu@indiatimes.com,,3
788,Amery,Slemmonds,aslemmondslv@creativecommons.org,4,1
789,Marisa,Ebbin,mebbinlw@nydailynews.com,3,0
790,Emilia,Dinzey,edinzeylx@jimdo.com,2,1
791,Alix,Keast,akeastly@harvard.edu,,2
792,Sherri,Phythien,sphythienlz@unicef.org,3,3
793,Ekaterina,MacTrustey,emactrusteym0@altervista.org,3,2
794,Linette,Shillam,lshillamm1@umn.edu,2,1
795,Allan,Noon,anoonm2@berkeley.edu,3,2
796,Rosina,Swiffen,rswiffenm3@google.ru,3,1
797,Borg,Broady,bbroadym4@nbcnews.com,,0
798,Pauly,Minnette,pminnettem5@themeforest.net,2,2
799,Siouxie,Cremin,screminm6@example.com,3,0
800,Georgie,Flann,gflannm7@latimes.com,1,0
801,Penni,Jelk,pjelkm8@technorati.com,3,0
802,Regan,O'Brallaghan,robrallaghanm9@mlb.com,1,3
803,Johnath,Arnke,jarnkema@businessweek.com,,1
804,Bendix,Meneer,bmeneermb@feedburner.com,2,0
805,Des,Pyle,dpylemc@printfriendly.com,,3
806,Violetta,Carratt,vcarrattmd@bluehost.com,2,1
807,Seward,Donaldson,sdonaldsonme@typepad.com,4,3
808,Dacie,Hansod,dhansodmf@kickstarter.com,,0
809,Ashlee,Georg,ageorgmg@mlb.com,,2
810,Anabelle,Kenealy,akenealymh@tripadvisor.com,2,1
811,Kinnie,Daulton,kdaultonmi@alexa.com,2,3
812,Miles,Krale,mkralemj@irs.gov,3,0
813,Katharina,Fairchild,kfairchildmk@rambler.ru,4,0
814,Nahum,Bazek,nbazekml@is.gd,2,3
815,Archaimbaud,Mahaddy,amahaddymm@sogou.com,4,3
816,Reinaldos,Crichten,rcrichtenmn@xrea.com,4,3
817,Glen,Hamflett,ghamflettmo@reference.com,2,1
818,Banky,Delgardillo,bdelgardillomp@amazon.co.jp,1,1
819,Bard,Knighton,bknightonmq@php.net,,1
820,Inger,Capner,icapnermr@tmall.com,1,1
821,Kimball,Baldock,kbaldockms@geocities.com,1,1
822,Carly,Dunridge,cdunridgemt@sciencedirect.com,,1
823,Lisha,Skeemer,lskeemermu@auda.org.au,2,2
824,Arin,McQuode,amcquodemv@wufoo.com,4,0
825,Xenos,Barz,xbarzmw@google.co.jp,4,1
826,Mariette,Ivanchikov,mivanchikovmx@sbwire.com,2,0
827,Jaimie,Gaddes,jgaddesmy@a8.net,2,2
828,Storm,Rowthorn,srowthornmz@deliciousdays.com,3,3
829,Tabor,Grogono,tgrogonon0@fotki.com,3,0
830,Theressa,Shorie,tshorien1@sina.com.cn,2,3
831,Trixie,Chuter,tchutern2@microsoft.com,,3
832,Teresita,Hanna,thannan3@skyrock.com,2,0
833,Amabelle,Cullinane,acullinanen4@whitehouse.gov,,0
834,Katrina,Posvner,kposvnern5@seattletimes.com,1,0
835,Bernadine,Matzeitis,bmatzeitisn6@phoca.cz,1,3
836,Julio,Rogans,jrogansn7@multiply.com,4,1
837,Pavia,Arnell,parnelln8@cbsnews.com,3,1
838,Doyle,Jockle,djocklen9@typepad.com,1,2
839,Adrian,Osant,aosantna@booking.com,2,1
840,Chiarra,Baiss,cbaissnb@tinypic.com,,1
841,Jesse,Cottingham,jcottinghamnc@amazon.de,,3
842,Torre,Sickert,tsickertnd@noaa.gov,3,3
843,Weylin,Love,wlovene@reddit.com,2,1
844,Ryun,Petrishchev,rpetrishchevnf@wiley.com,4,0
845,Cornell,Deniskevich,cdeniskevichng@japanpost.jp,3,1
846,Peadar,Bugbird,pbugbirdnh@last.fm,4,2
847,Dante,Dimmock,ddimmockni@last.fm,1,2
848,Halette,O'Carmody,hocarmodynj@weebly.com,4,0
849,Allen,Druce,adrucenk@si.edu,4,2
850,Ira,Saxby,isaxbynl@slideshare.net,4,0
851,Josefa,Greenwood,jgreenwoodnm@skyrock.com,1,3
852,Cullie,Culbert,cculbertnn@gravatar.com,2,0
853,Paige,Darque,pdarqueno@usgs.gov,2,1
854,Hyacinthe,Early,hearlynp@ucsd.edu,2,3
855,Sidnee,Darth,sdarthnq@amazon.de,,3
856,Eveline,Jendrys,ejendrysnr@walmart.com,2,2
857,Gwendolin,Abrahams,gabrahamsns@independent.co.uk,2,2
858,Rayshell,Nafziger,rnafzigernt@ucla.edu,2,1
859,Fedora,Buncher,fbunchernu@theglobeandmail.com,,3
860,Normy,Hewertson,nhewertsonnv@gov.uk,2,2
861,Hilton,Rubenchik,hrubenchiknw@last.fm,4,1
862,Niko,Domeney,ndomeneynx@hibu.com,1,0
863,Alejandra,Rogger,aroggerny@newsvine.com,4,1
864,Carolus,Giacoboni,cgiacoboninz@slideshare.net,4,0
865,Arleyne,Caulwell,acaulwello0@fda.gov,3,2
866,Chet,Bertlin,cbertlino1@blinklist.com,4,1
867,Alessandra,Gladwin,agladwino2@ca.gov,3,2
868,Clarisse,Leveridge,cleveridgeo3@ft.com,2,1
869,Alejandra,Coldridge,acoldridgeo4@google.ca,2,2
870,Katina,Mix,kmixo5@answers.com,2,0
871,Vassily,Thompson,vthompsono6@jimdo.com,4,3
872,Omar,Muggach,omuggacho7@people.com.cn,,2
873,Fay,Portman,fportmano8@prlog.org,3,2
874,Franny,Mollindinia,fmollindiniao9@marriott.com,4,1
875,Dara,Peacocke,dpeacockeoa@gnu.org,2,0
876,Rockie,Stanmer,rstanmerob@ca.gov,2,0
877,Neile,Fasey,nfaseyoc@patch.com,,0
878,Laurette,Challice,lchalliceod@blinklist.com,4,2
879,Norri,MacVagh,nmacvaghoe@tmall.com,3,3
880,Philis,Southeran,psoutheranof@example.com,,3
881,Dusty,Dhillon,ddhillonog@friendfeed.com,3,2
882,Laurella,Birdfield,lbirdfieldoh@amazon.co.uk,2,1
883,Bevan,Knill,bknilloi@jigsy.com,,2
884,Minta,Daveren,mdaverenoj@trellian.com,,1
885,Lorne,Gower,lgowerok@php.net,,3
886,Alexio,Goodall,agoodallol@360.cn,2,1
887,Berty,Vivien,bvivienom@wikia.com,,2
888,Brannon,McFadyen,bmcfadyenon@mapy.cz,1,1
889,Nana,Hollyman,nhollymanoo@yelp.com,,3
890,Archibold,Burgiss,aburgissop@springer.com,2,0
891,Candide,Le Grice,clegriceoq@wsj.com,4,2
892,Loella,Napton,lnaptonor@artisteer.com,2,0
893,Letisha,Sherrin,lsherrinos@tumblr.com,,0
894,Corilla,Mears,cmearsot@joomla.org,4,3
895,Ravid,Kid,rkidou@disqus.com,3,3
896,Aurilia,Welbelove,awelbeloveov@tumblr.com,2,2
897,Norina,Murra,nmurraow@php.net,,2
898,Carver,Fardell,cfardellox@intel.com,4,3
899,Kippie,Grishanin,kgrishaninoy@wikia.com,2,3
900,Margi,Oguz,moguzoz@paginegialle.it,,3
901,Margo,Khadir,mkhadirp0@mapquest.com,3,3
902,Zorina,Perazzo,zperazzop1@theatlantic.com,3,3
903,Roderigo,Davy,rdavyp2@addthis.com,2,3
904,Shirley,Daffern,sdaffernp3@desdev.cn,3,0
905,Kristal,Waple,kwaplep4@intel.com,4,3
906,Kristopher,Sebrook,ksebrookp5@flickr.com,2,3
907,Vernon,Droogan,vdrooganp6@tumblr.com,,0
908,Galina,Shovlar,gshovlarp7@freewebs.com,1,3
909,Saul,Danson,sdansonp8@ycombinator.com,4,2
910,Tamra,Coppledike,tcoppledikep9@ftc.gov,2,1
911,Lindy,Linzee,llinzeepa@yellowbook.com,1,2
912,Caye,Mabb,cmabbpb@dagondesign.com,4,0
913,Cornelia,Endrici,cendricipc@goo.ne.jp,2,2
914,Patsy,Arnaudon,parnaudonpd@abc.net.au,4,2
915,Shermy,Fewtrell,sfewtrellpe@cdc.gov,,3
916,Elene,Headland,eheadlandpf@newyorker.com,,2
917,Lilah,Tatlowe,ltatlowepg@slashdot.org,3,1
918,Jerri,Mathelon,jmathelonph@wix.com,,2
919,Tiffany,Parkman,tparkmanpi@addtoany.com,4,1
920,Prisca,Sheaber,psheaberpj@php.net,1,2
921,Ellyn,Fancott,efancottpk@networksolutions.com,,0
922,Leoine,Gontier,lgontierpl@shareasale.com,1,1
923,Adey,Murname,amurnamepm@nsw.gov.au,2,2
924,Alika,Theurer,atheurerpn@webs.com,4,1
925,Constantine,McCloy,cmccloypo@washingtonpost.com,1,0
926,Artemus,Messer,amesserpp@webnode.com,1,2
927,Rip,Clixby,rclixbypq@aboutads.info,2,0
928,Mariann,Ciottoi,mciottoipr@yelp.com,4,1
929,Nye,Prandy,nprandyps@netvibes.com,,3
930,Modesta,Conring,mconringpt@tinypic.com,4,3
931,Charyl,Macilhench,cmacilhenchpu@typepad.com,2,1
932,Morgana,O'Hegertie,mohegertiepv@va.gov,1,1
933,Paten,Serrier,pserrierpw@printfriendly.com,2,3
934,Inigo,Scrivener,iscrivenerpx@bloomberg.com,,3
935,Gwenneth,Banfill,gbanfillpy@hc360.com,2,1
936,Ursuline,Bradder,ubradderpz@chicagotribune.com,4,1
937,Nicky,Sprankling,nspranklingq0@dmoz.org,2,3
938,Desmund,Souster,dsousterq1@canalblog.com,1,0
939,Bronnie,Luckcock,bluckcockq2@harvard.edu,1,3
940,Derk,Bigham,dbighamq3@amazon.de,2,1
941,Vikky,Royal,vroyalq4@ucoz.ru,1,2
942,Evelin,Humbell,ehumbellq5@wisc.edu,2,3
943,Corbie,Roostan,croostanq6@cam.ac.uk,1,2
944,Neron,Dollman,ndollmanq7@eventbrite.com,4,3
945,Christina,Najara,cnajaraq8@flavors.me,4,0
946,Max,Wallbank,mwallbankq9@techcrunch.com,3,1
947,Glad,Syres,gsyresqa@reverbnation.com,,2
948,Gert,Houlson,ghoulsonqb@storify.com,,2
949,Lane,Lewisham,llewishamqc@bizjournals.com,2,2
950,Carita,Laffranconi,claffranconiqd@mayoclinic.com,2,3
951,Taylor,Yurlov,tyurlovqe@pen.io,3,0
952,Lindi,Gaydon,lgaydonqf@slashdot.org,4,2
953,Inessa,Albany,ialbanyqg@nasa.gov,,1
954,Morris,Warrender,mwarrenderqh@merriam-webster.com,4,2
955,Janos,MacGinley,jmacginleyqi@cdbaby.com,1,0
956,Nestor,Vaudin,nvaudinqj@rediff.com,2,3
957,Hermia,Ashington,hashingtonqk@mayoclinic.com,2,3
958,Dulciana,O'Donovan,dodonovanql@accuweather.com,,1
959,Shayla,Whatman,swhatmanqm@tiny.cc,1,2
960,Merl,Meehan,mmeehanqn@springer.com,,2
961,Sheilakathryn,Pagon,spagonqo@webnode.com,,3
962,Lauree,Klempke,lklempkeqp@wufoo.com,3,0
963,Joelie,Renol,jrenolqq@quantcast.com,,2
964,Ethelred,Dongate,edongateqr@wikipedia.org,4,1
965,Francklin,Stuehmeier,fstuehmeierqs@yellowbook.com,,0
966,Hinda,Wilcinskis,hwilcinskisqt@msn.com,2,0
967,Libbey,Cathrall,lcathrallqu@arizona.edu,2,0
968,Alec,Pabelik,apabelikqv@livejournal.com,,0
969,Gratiana,Pallaske,gpallaskeqw@huffingtonpost.com,4,2
970,Pepi,Liepmann,pliepmannqx@delicious.com,,3
971,Mitchel,Mander,mmanderqy@desdev.cn,2,1
972,Dukey,Karlik,dkarlikqz@surveymonkey.com,1,2
973,Dianemarie,Geck,dgeckr0@bluehost.com,3,0
974,Ardelle,Balnave,abalnaver1@usatoday.com,,2
975,Raynell,Borham,rborhamr2@i2i.jp,4,1
976,Halette,Beament,hbeamentr3@t-online.de,4,1
977,Mathias,Humbatch,mhumbatchr4@google.cn,3,3
978,Nevin,Hagstone,nhagstoner5@cornell.edu,1,2
979,Jacinthe,Simpkiss,jsimpkissr6@ovh.net,1,3
980,Tome,Radloff,tradloffr7@paginegialle.it,1,3
981,Sandye,Chatt,schattr8@bloglovin.com,1,0
982,Paco,Matonin,pmatoninr9@hostgator.com,1,2
983,Xerxes,Roston,xrostonra@issuu.com,4,1
984,Lorrie,Handforth,lhandforthrb@archive.org,3,3
985,Blakeley,Demangeon,bdemangeonrc@dion.ne.jp,4,1
986,Elane,Calder,ecalderrd@bluehost.com,4,0
987,Ramonda,Brizell,rbrizellre@google.ru,2,3
988,Ricky,Pinnell,rpinnellrf@miibeian.gov.cn,2,3
989,Darya,Kubista,dkubistarg@earthlink.net,3,1
990,Ezekiel,Boater,eboaterrh@pagesperso-orange.fr,4,2
991,Faith,Eason,feasonri@php.net,3,2
992,Jerad,Canfer,jcanferrj@tripod.com,4,3
993,Gorden,Zmitrovich,gzmitrovichrk@sitemeter.com,1,3
994,Walton,Fried,wfriedrl@netscape.com,3,3
995,Silas,Fairnie,sfairnierm@economist.com,2,0
996,Hildegarde,Hadye,hhadyern@jiathis.com,,2
997,Thomasine,Carswell,tcarswellro@wikispaces.com,1,2
998,Dannel,O Sullivan,dosullivanrp@vk.com,3,3
999,Anet,Cattrell,acattrellrq@smh.com.au,2,3
1000,Modestine,Fessier,mfessierrr@tinypic.com,3,3
